placa,modelo,cor,ano,quilometragem,motorista,proprietarioId
UZY-895A,XLR-V,Mauv,2013,159015,Aimee Rockhill,1
TNZ-6166,W123,Red,2018,258397,Janice Parkinson,2
PGW-4917,Chevette,Indigo,1997,72470,Chan MacPhail,3
LSA-397N,500SL,Turquoise,1998,112117,Melodie Butterwick,4
EXU-490I,Grand Prix,Mauv,2001,215436,Timothea Gentric,5
JGU-468J,G55 AMG,Puce,1995,26692,Margaretta Francisco,6
QJP-2276,LS,Teal,1992,152920,Van Lanigan,7
CLH-5494,Virage,Khaki,2024,2062,Jarib Beardow,8
MLK-754B,Express 3500,Crimson,1990,247015,Judy Ebbrell,9
LXZ-697N,62,Yellow,2018,20445,Tedi Whenham,10
RVY-646I,Suburban 1500,Fuscia,2023,255212,Jenilee de Wilde,11
VMO-004G,Coupe GT,Maroon,2014,104600,Dyanna Willimot,12
GOL-797F,S6,Violet,1998,145223,Rivy Hebbes,13
XJZ-3831,Seville,Indigo,2023,79480,Catherin Cornthwaite,14
HOK-867D,S-Class,Yellow,2001,23150,Magdalena Adamthwaite,15
TZX-660Q,D350 Club,Green,2007,137556,Cly Jeggo,16
GOT-1133,Charger,Yellow,2022,289546,Dell Abbe,17
FKR-1268,Navajo,Violet,2021,99923,Arabela Davydzenko,18
CBR-0491,Q5,Mauv,2014,42991,Carmela Guilloux,19
ADK-3397,Montana,Turquoise,1993,146622,Cherye Esch,20
LAB-5735,C70,Khaki,2024,130321,Tasha Zanre,21
TZB-9960,G3,Goldenrod,2012,237679,Pavel Dobbie,22
GDA-5877,Frontier,Teal,2019,245383,Germaine Tripean,23
XWH-682C,TT,Violet,2013,237608,Uriel De Angelo,24
KWZ-7507,Tacoma,Teal,2010,122820,Osborne Tankin,25
BWS-0997,S-Series,Puce,2002,248060,Theo Broker,26
SIC-5518,Scoupe,Goldenrod,1997,113161,Sonja Woodrow,27
IBU-0428,Mountaineer,Red,1999,125437,Liam Dalziel,28
PYI-274O,V50,Aquamarine,2003,267544,Bentlee Derisly,29
KED-780I,G,Indigo,2013,105018,Bunni Huckerbe,30
EKA-0057,Xterra,Turquoise,1999,111865,Kristoforo Derx,31
RVX-8198,Bonneville,Aquamarine,2002,116673,Chere Preedy,32
JQZ-6593,CLK-Class,Violet,2017,215827,Dorian McGuirk,33
WCT-046P,Continental,Violet,2011,236376,Chrisy Guswell,34
NLO-451V,5 Series,Crimson,2015,103892,Almeta Bristow,35
FRJ-1646,Envoy XUV,Goldenrod,2016,202131,Ursala Vink,36
OPA-407F,S-Class,Blue,2001,52850,Stepha Hulson,37
CKO-098Y,Regal,Turquoise,1992,67835,Salvidor Frarey,38
PPU-501Q,Tucson,Fuscia,2016,279859,Verena Trousdale,39
YVJ-656T,Maxima,Khaki,2010,286233,Hector Ellin,40
RKD-105S,Tribute,Teal,2011,104154,Katlin Eddy,41
RIC-2664,Firebird,Pink,2017,85164,Colan Beyn,42
XAB-8034,Celica,Puce,1996,157504,Raddie Chastang,43
NRT-9149,Silverado 2500,Indigo,1990,174194,Billy Corish,44
IGF-054Q,Riviera,Pink,2000,174401,Sauveur Schuler,45
QWK-936D,PT Cruiser,Goldenrod,2017,274575,Meris Myhill,46
CWP-4245,S-Class,Pink,2017,77889,Zorina Simonite,47
GGJ-4037,Accord,Maroon,2024,228818,Denis Godbald,48
RXA-4619,S4,Orange,2003,243607,Neall Orae,49
EXD-541M,Sprinter,Fuscia,2021,22206,Camile Brissard,50
GDY-598Y,Solara,Green,2012,233713,Blair McEniry,51
HGV-5913,Durango,Crimson,2020,181444,Elie Karim,52
UXJ-9066,Spectra,Khaki,1990,23833,Clemente Dyas,53
NJS-099A,Grand Am,Crimson,2013,56803,Mead Branwhite,54
BZZ-722C,Talon,Puce,2001,291817,Georgie Brunt,55
MKD-1621,Grand Am,Pink,2008,267280,Tull Cocking,56
HYG-2460,Villager,Puce,2021,199703,Luther Emeny,57
GKZ-7245,Enclave,Yellow,1992,96257,Emmalyn Amberg,58
TDI-583R,Roadmaster,Mauv,2010,165008,Caresa Danihelka,59
FCK-617B,400E,Teal,1992,4688,Dorothea Ordidge,60
WFI-9086,C70,Teal,2019,51779,Cherri Larby,61
OBC-657M,E-Class,Crimson,1993,175203,Stuart Fairley,62
LKP-1149,Magnum,Yellow,2000,117365,Suzette Lubman,63
NLN-9517,QX,Fuscia,2008,26741,Ardyth Darthe,64
JCQ-8869,Galant,Purple,2018,245340,Jeanine Dodgson,65
DVO-2926,Voyager,Green,1990,199441,Eb Vlasenko,66
KCY-787R,TL,Aquamarine,2000,215543,Garrik Plant,67
DAZ-0325,Sedona,Blue,2006,101817,Gerard Blind,68
TUV-782K,Parisienne,Blue,2020,181548,Granger Sinnie,69
QRB-5157,57,Teal,2004,204261,Annissa Edgar,70
CXW-317I,RX,Fuscia,2005,144613,Chilton Dormon,71
ROL-5171,Routan,Khaki,2000,234029,Jen Steely,72
YDQ-623G,6000,Mauv,2010,50280,Maynard Joutapaitis,73
KKR-495X,Wrangler,Orange,2005,253079,Kare Jarret,74
JNW-807U,C-Class,Aquamarine,1991,249308,Parsifal Lowles,75
JOG-3875,Galant,Mauv,2017,192934,Hyman Swenson,76
SNN-5875,Cherokee,Teal,2001,37070,Taddeo Pharoah,77
QBL-9132,Milan,Turquoise,2009,256415,Nolana Parade,78
CIG-2549,Ram 3500,Purple,2011,52136,Locke Skeleton,79
LUA-323H,Ram 2500,Orange,2018,165865,Ashlie Ackerman,80
XBO-4840,Equus,Red,2007,161794,Karalynn Travers,81
TUX-7719,Land Cruiser,Puce,1991,169864,Corene Hartigan,82
FOA-925Y,IS,Khaki,1992,207650,Orv Ziemsen,83
DBJ-194S,MPV,Purple,1996,58225,Roarke Ambroise,84
AXI-435L,Skylark,Maroon,2009,27527,Winny Rishman,85
HEW-2068,Tracker,Blue,1994,170617,Cloe Gunson,86
FNU-7213,Silverado,Fuscia,2000,26915,Becki Viel,87
XXI-5316,960,Green,2008,27597,Anatollo Arter,88
IYL-7635,9000,Blue,2012,268149,Alexandrina Adlam,89
ZJY-519I,H3T,Violet,2013,7384,Chelsie Albrooke,90
TLS-2334,V50,Indigo,2002,251074,Kelcy Chin,91
PZO-5266,M-Class,Red,2023,284688,Darrin Lapslie,92
FBH-386D,Liberty,Khaki,2012,93628,Wang Seine,93
OWT-8179,Express 2500,Puce,1993,197897,Asia McCaffery,94
UMW-890X,Sierra 2500,Crimson,2016,233556,Noby Broke,95
MFA-890M,Bronco II,Khaki,2025,108464,Durant Kulvear,96
QZT-754P,HHR,Orange,2017,195397,Onfroi Shottin,97
KHU-776N,Tahoe,Khaki,2014,41277,Vikki Jepperson,98
YAY-084W,Cougar,Yellow,2008,120472,Illa Ratazzi,99
RAM-505G,Galaxie,Fuscia,2012,194182,Ilyse Edmonds,100
HMU-895V,TL,Crimson,2000,147647,Ayn Yarnley,101
PFS-716J,Express 3500,Goldenrod,2023,84660,Kristen Woolmington,102
LGR-753H,A4,Goldenrod,2001,193645,Emmey Maas,103
EZN-893K,Quest,Purple,1992,72904,Farly Reedick,104
NGN-8497,F450,Red,2024,62773,Darcie Troutbeck,105
YOP-8951,Jetta,Green,1993,226220,Alick Bradman,106
OWZ-6606,Aerostar,Khaki,1992,22783,Costanza Kohneke,107
FPN-3958,Prius,Pink,2008,122626,Rayshell Abelevitz,108
VUX-809H,MX-6,Violet,2003,272278,Shirl Entreis,109
KEC-869R,Galant,Blue,1990,17143,Rhiamon Konzelmann,110
SHA-517D,Express 1500,Pink,1993,132973,Spenser Blatherwick,111
PAS-9393,Corvette,Yellow,2016,153865,Mona Noorwood,112
OXX-6867,Prizm,Purple,2001,128582,Robin Steljes,113
TVR-7829,Mustang,Orange,1993,131596,Edik Prewer,114
LJH-019D,Montana,Fuscia,2010,161561,Anabelle Caush,115
HAQ-0491,300,Teal,2004,196105,Nancie Trolley,116
CUM-178M,CR-V,Teal,2002,183867,Daryl Camsey,117
YAY-914L,Escape,Aquamarine,2015,43658,Cherish Duddan,118
JNR-1035,Camaro,Orange,2015,162104,Em Storrock,119
PVW-355X,599 GTB Fiorano,Pink,1990,296659,Leo Steade,120
EJO-156I,Astra,Khaki,2017,295035,Gabriellia Menlow,121
ILS-8281,Arnage,Goldenrod,2021,257856,Sandy Willis,122
HGB-7020,Esprit,Indigo,2020,152225,Jens Lamboll,123
IJB-2752,Eclipse,Blue,2003,30882,Natalie Cinderey,124
ATG-5443,Traverse,Crimson,2000,12657,Georgianna Rissom,125
KVZ-960A,Aveo,Teal,2022,296947,Vidovic Beacroft,126
CZS-047N,V50,Aquamarine,2002,156725,Carin Pahl,127
LLP-904Y,Corolla,Maroon,2021,46743,Alika Nurse,128
QWQ-893L,3 Series,Red,2010,19616,Quillan Gaskins,129
QIE-654Q,Minx Magnificent,Goldenrod,2011,34787,Zia Cardozo,130
HJI-860M,LeMans,Puce,2010,107367,Bryna Ramberg,131
ZBI-3823,Xterra,Violet,2023,129641,Shela Seebright,132
ZKQ-0734,Sunbird,Yellow,2014,259357,Petrina Burleton,133
KPY-723M,GTI,Blue,1999,109504,Tana Moggie,134
BPD-970E,LHS,Khaki,2019,280084,Penni Mattea,135
AJI-968J,Econoline E350,Crimson,2005,240954,Marna Sommerland,136
CPD-846F,Grand Am,Teal,2001,108489,Finlay Peto,137
HQB-6868,Landaulet,Indigo,2016,23534,Brear Poge,138
WWP-9511,Cayman,Pink,2003,235583,Janella Benedite,139
MFD-6130,S-Class,Indigo,1993,110620,Fredra Wiggans,140
WEQ-718N,Corvette,Purple,2022,168544,Ealasaid Mattingson,141
EXT-7958,Dakota Club,Pink,2001,140100,Bary Farquharson,142
DSB-496V,Passat,Turquoise,1998,154393,Denney Corstorphine,143
JXF-448W,Cabriolet,Fuscia,1993,94091,Khalil Dimond,144
PNN-435B,MX-5,Goldenrod,2015,53349,Lev Advani,145
OFU-4256,Town & Country,Maroon,1997,256311,Ilyssa Leishman,146
WNP-319Z,Crown Victoria,Crimson,2021,110963,Ronni Fransinelli,147
GHN-011Z,Jetta,Purple,2008,55749,Kizzie Cartledge,148
ONE-428W,Mirage,Maroon,2016,38232,Guss Hatwells,149
UIA-2468,Concorde,Mauv,1993,62489,Astrid Tollow,150
QNI-663M,Grand Vitara,Fuscia,1994,296895,Christean Blackeby,151
DCJ-034Z,Ram 3500,Teal,1998,136999,Randy Spradbrow,152
DRK-834V,98,Teal,1995,159081,Dorey Cardenas,153
ISI-229Z,5000S,Mauv,2012,98236,Milty Grzesiak,154
LOF-4559,9-2X,Turquoise,2024,96830,Siouxie Dallicoat,155
VAF-621P,G-Class,Turquoise,1990,119010,Marshal Izachik,156
BJS-489E,Endeavor,Pink,2003,146971,Luelle Bottomore,157
OCV-410W,Express 3500,Indigo,1997,18504,Dwain Dallemore,158
GVH-751N,Suburban 1500,Teal,1991,285307,Quintina Skelding,159
NSB-7311,Sundance,Khaki,2001,42910,Sigvard Seywood,160
YXS-7932,B-Series,Fuscia,2023,112581,Renate Benting,161
ZRO-106B,JX,Orange,2002,268297,Maje Giriardelli,162
PWG-6490,Miata MX-5,Fuscia,2016,4201,Dusty Jeaneau,163
FNG-0016,Insight,Yellow,2005,151846,Ramon Carass,164
GFB-8055,Tacoma Xtra,Turquoise,2023,142128,Galen Panas,165
CRO-850C,LaCrosse,Khaki,2021,67548,Rodi Smidmoor,166
TOO-328Z,F-Series,Khaki,1991,199900,Bram Carlozzi,167
GFV-491A,D150 Club,Turquoise,2014,266234,Fiorenze Juliff,168
XHZ-0482,Galant,Orange,2009,805,Vicky Huortic,169
JRO-2890,Range Rover,Puce,2009,272943,Cris Cavanagh,170
RMB-3688,626,Yellow,2009,96879,Frazer Muddicliffe,171
XWS-0060,Elantra,Turquoise,2017,3244,Sosanna Legge,172
FFM-539E,S80,Maroon,2012,83522,Sibylla Bockmaster,173
HCJ-367L,Model T,Teal,2024,137211,Cori Brando,174
RPV-071F,CLS-Class,Pink,2000,229218,Melicent Ruter,175
OZR-8788,Montego,Pink,2007,247780,Gusti Wibrew,176
SOL-397W,Express 1500,Orange,2004,52578,Wanids Burfitt,177
AQS-9059,i-280,Indigo,2020,206211,Edithe Sheldon,178
XZZ-7575,Monterey,Turquoise,2006,267411,Shir Entres,179
ZIT-2357,Civic GX,Yellow,2016,79622,Garland Boobyer,180
IEG-370N,Nitro,Maroon,1995,102725,Allene Ruprich,181
NXQ-936V,SJ,Blue,2013,29765,Hebert Whittles,182
SXR-5226,Fusion,Fuscia,2003,44765,Tabbie Mellmoth,183
FXD-9310,Grand Caravan,Pink,2001,60994,Goldina Hassent,184
CAW-1669,Crossfire,Puce,2016,53237,Aldous Felgat,185
RDA-666X,S4,Blue,2019,256078,Rosalia Sinnie,186
KGB-1066,Model S,Fuscia,2010,257162,Norene Gauler,187
ENB-8669,Passat,Mauv,1992,11546,Colman Catonnet,188
JNY-1971,S10,Fuscia,2012,105523,Jayne Thunnerclef,189
JWK-632X,LSS,Violet,2016,190313,Lanae Harmstone,190
PDV-1470,Avalon,Yellow,2004,96022,Rory Morgan,191
WXB-0481,Passat,Red,2010,152287,Normand Kohring,192
BET-4042,Acclaim,Green,2008,111462,Eden Whight,193
EGJ-296Z,Boxster,Puce,2020,127831,Hailey Capel,194
YQP-363O,Altima,Fuscia,1997,51483,Pace De Lascy,195
OJO-480P,Rendezvous,Green,1997,78250,Jermain Pettet,196
WXO-284X,3 Series,Fuscia,2019,228327,Duff Hubbock,197
WSV-8700,Frontier,Blue,2021,170515,Dela Jozwik,198
JMI-331Y,Cayenne,Orange,2012,23697,Calli Gendricke,199
HPA-492W,Sierra 3500,Puce,1991,177354,Zonnya Colkett,200
LTN-142X,Caliber,Turquoise,2010,298132,Philippe Abarough,201
RJO-0354,Prelude,Mauv,2012,79947,Onida Bendig,202
QTU-5953,Ranger,Orange,2008,195875,Blinni Fuxman,203
QVW-7802,D350 Club,Goldenrod,2020,35559,Jephthah McCullogh,204
GVB-6239,600,Aquamarine,1994,111850,Fabiano McManus,205
FTB-3511,3000GT,Violet,1995,65883,Cthrine Tinto,206
XWL-5712,Fillmore,Crimson,2024,29405,Phyllida Lake,207
RPU-0500,Grand Am,Purple,1992,12783,Hunfredo Pauletti,208
MBT-1445,Elantra,Indigo,1994,18515,Myer Mellings,209
ZJD-1617,Element,Khaki,2005,195568,Ham de Banke,210
GYY-734I,Express 1500,Mauv,2017,7987,Heywood Malim,211
WKA-803F,Monterey,Teal,2005,149250,Elvis Woodus,212
ZXI-494R,Continental Flying Spur,Aquamarine,2002,89940,Steve Calbaithe,213
YDF-8173,MDX,Indigo,2003,113586,Rhianna Pavluk,214
VSC-835D,xB,Purple,2007,152972,Dulci Merrigans,215
VUU-0666,98,Mauv,2023,136740,Maible Dewbury,216
VUT-6070,240SX,Violet,2025,179628,Reena Norcliff,217
HET-158G,Silverado 3500,Crimson,2009,209021,Clayborne Bowles,218
NNT-815W,Escalade,Fuscia,2022,111476,Olia Upex,219
KDU-675Z,Clubman,Indigo,2022,149167,Edgardo Iannello,220
VRH-492K,Esprit,Mauv,2011,82106,Reube Fidal,221
SHE-8612,MX-5,Red,2002,52948,Mayor Leverich,222
UGE-2383,Silverado 2500,Fuscia,2008,218330,Codie Gaynsford,223
ISN-2817,Cayenne,Crimson,2022,152175,Blanch Ovell,224
BFA-8326,525,Puce,2010,23435,Garwin Ryley,225
IJS-087W,Genesis Coupe,Pink,2018,71858,Eugenie Kiddy,226
XUV-083C,XF,Puce,1999,247118,Hurley Blackler,227
PKD-071L,Sprinter 2500,Puce,2025,18051,Jackie Ector,228
HEO-7238,Cayenne,Teal,2006,280587,Jacinta Egle of Germany,229
CLB-752S,A3,Orange,1997,254759,Jocelin Sandry,230
RTO-7715,Discovery,Puce,1994,53482,Marieann Lunney,231
QON-5755,Jetta,Purple,2025,82391,Dorene Meeny,232
DES-965T,GTI,Red,2018,84779,Kiri Whalebelly,233
IKO-7972,Pilot,Turquoise,2022,22431,Rosana Elson,234
BMY-961X,Sienna,Khaki,2019,148047,Lorianna Torritti,235
GTN-3313,A5,Khaki,2007,269247,Wernher Forman,236
BYK-122P,G,Khaki,2000,173495,Cozmo Caulton,237
JCB-5092,XC90,Red,2007,266945,Shane Seydlitz,238
PRE-2394,Civic,Khaki,2005,93163,Raychel Sinnocke,239
RDA-032K,200,Green,2016,251389,Carlynn Belchamp,240
HWQ-9744,Escort,Goldenrod,2000,211465,Doyle Cranstoun,241
KRI-471N,RX-7,Violet,2005,257634,Haskell Payze,242
CIV-949N,QX,Purple,2023,48658,Dela Ingolotti,243
VEP-003C,Phantom,Blue,2025,25339,Kirk Almey,244
PWS-545Z,4Runner,Green,2014,36296,Darelle Scintsbury,245
ASK-5131,Sienna,Purple,1992,115656,Elsbeth Harron,246
VMU-6057,Galant,Teal,1999,261111,Jerrie Hawthorn,247
QQE-544Z,Express 2500,Teal,2019,45144,Nat Laurenzi,248
TSU-8065,V70,Green,1991,47517,Noelyn Ballaam,249
KAW-150Q,ZDX,Indigo,2022,225096,Tiffanie Syddall,250
ETK-279I,Corvette,Yellow,2002,60435,Isaak Sowerby,251
OJQ-461W,Dakota,Green,1991,140139,Marjory Fauguel,252
IXX-6520,Tacoma,Khaki,2016,202043,Patti Demelt,253
MRK-6675,Land Cruiser,Indigo,2024,22681,Rosmunda Petche,254
IKC-449S,Galant,Crimson,2005,259170,Lu Whitehair,255
YDI-5895,G25,Mauv,1997,25195,Manda Capewell,256
LHH-948O,Sable,Mauv,2018,282394,Frederik Durie,257
QDR-460Q,Sorento,Maroon,2020,208111,Marcelline Panchen,258
FVG-084Z,Beetle,Indigo,1996,192753,Becca Sibson,259
JCR-9553,VUE,Indigo,1992,51705,Twila Bouttell,260
PPM-670H,Elantra,Pink,1996,134651,Willow Hanham,261
OIZ-1196,FJ Cruiser,Aquamarine,1998,263821,Lorrie Cokely,262
XHR-4755,Frontier,Mauv,1999,20085,Meredith Merigot,263
LFC-8469,Ram 1500,Aquamarine,1993,250551,Elberta Milton-White,264
HWS-9508,Golf III,Khaki,2014,50074,Laryssa Harvatt,265
QXO-6116,Rio,Mauv,2010,148778,Pattie Ovey,266
KIH-1940,Axiom,Turquoise,2015,83995,Chantalle Clipsham,267
VLN-587J,Firebird,Crimson,2008,13867,Augie Carlisi,268
GDB-2662,Sienna,Turquoise,2012,152248,Nicolette Judd,269
OWK-4326,Milan,Purple,2021,86709,Johnette Canniffe,270
IBY-7379,M-Class,Goldenrod,2017,201609,Emlynne Tullot,271
HIC-787F,Corvette,Mauv,2000,106596,Bertie Musselwhite,272
AXM-246K,L-Series,Orange,2018,28944,Tiff Pitblado,273
KEM-548W,Sonoma,Fuscia,2004,220841,Willy Rubenfeld,274
ZFU-666M,Patriot,Pink,2010,16144,Delphine Cassam,275
PDH-855M,C8 Laviolette,Blue,2002,137761,Desiri Finnan,276
AIB-2218,LR2,Blue,2009,289537,Karl Ferrarone,277
ZTT-3965,Rondo,Yellow,1997,3679,Corabel Goddard,278
DGF-699G,Celica,Puce,2009,123736,Berny McLaughlin,279
VUS-4297,Spirit,Fuscia,2023,203984,Margarete Parr,280
WSD-153O,Suburban 2500,Aquamarine,1995,49271,Maurene Edgar,281
GOC-517D,Esprit,Maroon,1990,33902,Trixi Rackam,282
STZ-731O,Yukon XL 2500,Crimson,2011,141702,Kinsley Revan,283
KFN-029Z,300,Maroon,2025,241456,Junie Carabine,284
DFY-7168,Sunfire,Pink,1992,168105,Garold Hordell,285
QUT-704I,Sonata,Teal,2017,144142,Waylen Hiddy,286
YMU-8632,Rodeo,Orange,1998,278920,Julieta Zack,287
SSU-455Z,200,Indigo,2003,98810,Laughton McMeeking,288
WGQ-9763,Baja,Crimson,2020,277369,Tobye Lettington,289
HGF-777R,Swift,Puce,2002,148884,Hermann Glazer,290
UMT-474I,Pilot,Blue,2020,175534,Tabor Freke,291
CBX-9195,Thunderbird,Puce,2003,646,Kippy Fabb,292
ARO-249S,G-Series G30,Orange,2011,265494,Dasie Hargrove,293
GSL-937H,4000CS Quattro,Fuscia,2006,143793,Risa Dray,294
OGF-4822,Legacy,Green,2014,267247,Kendall Groome,295
TDU-9384,Roadster,Red,1994,292506,Jeremie Simmill,296
JBD-9658,Metro,Purple,2006,16151,Dianemarie Humby,297
FTE-0373,Challenger,Puce,2024,112477,Tessa Antonucci,298
SLX-0622,626,Green,2003,65931,Jeremy Spataro,299
AGW-8316,GranSport,Goldenrod,2019,100473,Gusta Abbotts,300
DBO-1600,GTI,Turquoise,2022,15824,Jesse Tod,301
ORH-7883,Catera,Pink,1999,151206,Bradney Powdrill,302
QSQ-578I,Biturbo,Purple,2018,257479,Alicea Yanshinov,303
OST-986U,NSX,Purple,2001,118533,Thane Beaver,304
FMJ-425H,Cougar,Crimson,1992,225870,Jaclin Scriver,305
DNG-3108,SX4,Teal,2003,86604,Steve Semonin,306
WEW-116S,Avalon,Blue,2007,134103,Reg Ganders,307
UAP-3859,4000CS Quattro,Indigo,1993,157597,Corinna Rosenbusch,308
FHV-576I,F150,Mauv,2010,71903,Brinna Greenwell,309
LAI-027Z,Pajero,Teal,1993,43839,Leslie Brun,310
OBI-5950,Excel,Mauv,2016,19212,Philomena Elstub,311
YEE-479U,S-Class,Crimson,1993,88844,Orelia Stoade,312
ZVL-191Y,Veracruz,Goldenrod,2001,153388,Sean Galvan,313
LKV-8675,Cutlass Supreme,Orange,2012,161586,Yuma Tillard,314
OIC-5414,57,Mauv,2001,79479,Bibbye Mustoe,315
IAL-860I,Continental,Maroon,2005,53609,Celeste Ondrousek,316
BLW-794W,S4,Khaki,2021,216914,Ondrea Eglin,317
PNF-0841,GL-Class,Violet,2013,280880,Lavinie De Pero,318
AQN-1557,Tracer,Fuscia,1993,292894,Aubert Presslie,319
LJO-588G,Genesis Coupe,Indigo,2010,33488,Glennie Fandrich,320
QNL-6830,Yukon,Khaki,1997,161215,Winslow Fryd,321
BCG-020M,Ram 1500 Club,Goldenrod,2009,263709,Lizzy Elvins,322
ULW-2858,Prizm,Crimson,2024,229113,Dotty Croote,323
TIT-544W,Grand Marquis,Fuscia,2004,160569,Kenn Hollyland,324
QWF-3416,Diamante,Teal,2021,33456,Ruthi Edbrooke,325
JEO-842G,Cougar,Pink,2002,5826,Kalie De Vile,326
SZU-5053,300SL,Turquoise,2013,264128,Fraze Claydon,327
LVT-112B,Matrix,Pink,1993,97276,Crista Addie,328
YBS-125V,Brooklands,Maroon,1994,60534,Pavla Jakoub,329
BOP-516P,VUE,Maroon,2006,116562,Selie Blaxall,330
QJX-267U,Paseo,Red,2009,202161,Nomi Stevings,331
CFY-2682,MX-5,Red,2010,166737,Matilde Berg,332
XAV-6109,Achieva,Aquamarine,2015,54484,Philippe Bennion,333
NFF-6420,Seville,Goldenrod,1998,174525,Dougie Gonthard,334
LFI-5777,V12 Vantage,Mauv,1999,55364,Maudie Springford,335
DXD-224M,Ram 3500,Mauv,2011,48312,Estell Bolgar,336
DPP-150G,Highlander,Purple,2024,217762,Hedda Beechcraft,337
WLC-4796,Passat,Crimson,2020,23141,Karil Bleasdille,338
QOM-1846,F-Series Super Duty,Red,2021,290482,Cecilius Murrthum,339
DIZ-519R,Range Rover,Purple,2007,271109,Cally Staner,340
JNO-5539,Maxima,Teal,2011,59503,Phebe Caldow,341
WGF-343T,Daewoo Kalos,Turquoise,2008,295139,Bevan Shouler,342
OUI-677J,Wrangler,Khaki,2008,104710,Farris de Mendoza,343
VNF-151W,Explorer,Purple,2025,240763,Ford Ellison,344
ALT-864W,Durango,Green,2020,49134,Westley Sayles,345
LPD-922E,DeVille,Maroon,2002,194149,Waldo Imison,346
FRU-8350,Avalon,Maroon,2010,170833,Penny Cristofari,347
ZHI-9228,GT-R,Goldenrod,2016,224769,Godfree Lucius,348
HGU-932D,Trooper,Indigo,2001,168132,Brittaney Attard,349
ZXO-1110,Century,Maroon,2014,86972,Lexie Kollas,350
JSK-941W,Forenza,Red,2015,22061,Vanna Bahl,351
DAG-055V,Range Rover,Crimson,2021,260692,Quillan Matteris,352
NTC-211K,Corvette,Red,1991,89457,Valene Cammish,353
TDA-7104,Tribute,Purple,1995,260822,Bunnie Clohissy,354
RIG-490Q,Marauder,Puce,2003,283840,Norrie Geri,355
HTR-9009,Caliber,Indigo,1999,93040,Eben Adamek,356
UXU-339S,Town Car,Green,1990,244016,Diana Szwandt,357
ZIP-0382,Insight,Fuscia,1997,32669,Stacee Lehrle,358
NGE-413V,A4,Turquoise,2014,178370,Ravid Matyukon,359
FYC-9644,Sonata,Indigo,2022,290204,John Labbett,360
CRD-5575,Colorado,Blue,2004,110176,Deedee Francesc,361
IEJ-318Q,NSX,Yellow,2009,279434,Cristy Springtorpe,362
FQS-053I,riolet,Red,2009,243356,Nerty Harness,363
WDM-8106,Probe,Teal,1993,99775,Hope Attlee,364
LCX-5385,Silhouette,Aquamarine,1994,2897,Andrey Pigney,365
OSO-5194,C70,Turquoise,2002,294331,Casi Roggieri,366
RNZ-1609,Sienna,Fuscia,1995,139478,Minette Harfleet,367
PXX-274A,LTD Crown Victoria,Teal,2022,231155,Babara Hesser,368
GIY-811G,DTS,Violet,2020,145153,Bennie Danis,369
MJX-0998,9-3,Pink,2017,58131,Anastasie Smogur,370
YUS-217E,Aura,Teal,2012,186778,Livvyy Koenraad,371
LBO-3265,Sentra,Fuscia,2018,161805,Kacy Chuck,372
ZEZ-952S,Express 3500,Orange,2006,68722,Gal Vasyunichev,373
AVQ-4666,Spectra,Violet,1997,150307,Sydney Craigmile,374
CGZ-070Q,T100 Xtra,Aquamarine,2017,53098,Jamesy Thormann,375
QVM-1030,Parisienne,Orange,2002,197051,Udell Millom,376
XAN-5251,940,Yellow,2013,121105,Rene Belfitt,377
LPV-657Z,Topaz,Green,1990,111817,Derk Ludlow,378
OVM-6481,Sigma,Puce,2005,64134,Dyanna Chansonnau,379
QNP-0959,Exige,Aquamarine,2022,46322,Phaidra Colbeck,380
ROF-2156,F150,Purple,2008,219462,Erinn Crommett,381
FLJ-643I,Typ-1,Aquamarine,2024,48701,Beauregard Yurchenko,382
BRG-4654,Outback,Maroon,2023,35765,Thedrick Grisenthwaite,383
ALX-788N,Yukon Denali,Puce,1994,195147,Katie Nelthropp,384
ICL-4455,Regal,Goldenrod,2019,206319,Oswald Elldred,385
XOF-0189,SLR McLaren,Red,2016,271556,Gillie Goldin,386
QXQ-0962,98,Orange,2019,35621,Cirillo Piotr,387
AXW-470Z,Matrix,Purple,2016,242297,Nonnah Whetnell,388
LLH-002Q,New Beetle,Aquamarine,1992,36514,Dannye Ellingford,389
MVY-6775,Tredia,Orange,2003,190246,Sharai MacCleay,390
NZU-5200,RL,Red,2016,172144,Janey Bleythin,391
DAY-247W,Continental Mark VII,Maroon,2017,216688,Chadd Kenworthey,392
OGT-5600,RAV4,Yellow,2024,282023,Kerri Dunk,393
ZRP-870R,Grand Voyager,Orange,2008,299897,Cosetta Bean,394
PNW-7374,LX,Maroon,2006,152034,Sibyl Dornan,395
XTU-494M,H3,Orange,2010,24708,Gregor Dubock,396
CDS-5258,Rodeo,Violet,2013,206766,Micki McVeagh,397
MQP-952W,Element,Mauv,1995,108616,Casie Boeter,398
VBS-3178,Sentra,Red,1992,75326,Gretel Fulcher,399
DDV-441H,Bonneville,Puce,2004,129141,Min Lackey,400
HET-0931,Elantra,Blue,2011,30501,Minna Durdy,401
XBF-687H,C/V,Violet,2017,295682,Lusa Daal,402
PAF-655O,Sierra 3500,Purple,1997,189074,Vitia Raspin,403
MFP-6024,XJ Series,Yellow,1996,164264,Delila Sissot,404
OGH-0694,Avalanche 2500,Yellow,2020,222395,Francine Capewell,405
EMU-4502,A4,Violet,2024,114039,Merv McInility,406
QZY-860K,Jetta,Maroon,2015,124859,Nevins Barnewille,407
ADO-684E,Silverado 2500,Violet,2011,167428,Kariotta Claire,408
JQN-8049,Vandura 3500,Violet,2012,295033,Reinaldo Brusby,409
OPI-3649,Avanti,Violet,2011,52575,Yorke Stanbrooke,410
GHO-142O,Sportvan G30,Orange,1990,46396,Sarge Ellacott,411
OII-1426,M-Class,Crimson,1990,159788,Jackie McMorran,412
SCT-686Z,G,Fuscia,2002,24251,Ailyn Arrandale,413
PHX-967U,Miata MX-5,Khaki,2002,134512,Carol-jean Frances,414
VPH-3250,A5,Violet,1997,9831,Nancy Dunphy,415
OJB-840C,Express 2500,Purple,1991,198646,Nita Egdale,416
NSY-9682,xD,Goldenrod,2018,236960,Carlene Ablott,417
RWI-1623,X3,Pink,2001,179997,Beverly Fiveash,418
ZVR-6415,Vision,Teal,1996,231834,Stormi Reynoollds,419
QSQ-0947,Previa,Orange,1993,110622,Izak Notti,420
HNY-344D,Century,Pink,2009,88566,Ryun McKim,421
TYX-753Q,Impala,Yellow,2002,81858,Berk Enrico,422
KIB-781S,Maxima,Goldenrod,2017,5203,Joleen Milmith,423
JLW-3232,R8,Teal,2015,221374,Kass Phillpot,424
TDL-526M,Q,Green,2018,163051,Gratiana Corsor,425
NMI-623Q,Camaro,Blue,2009,36071,Lem Capener,426
MTJ-4894,NSX,Violet,1990,64659,Harlen Champkins,427
EZR-2903,Explorer,Indigo,2024,51021,Fancie Lung,428
RDL-055K,E250,Maroon,2004,128752,Delora Silwood,429
KAC-689N,Mustang,Purple,2020,33307,Linell Eady,430
NBW-516L,Pajero,Pink,2005,175169,Wallas McVeigh,431
DFJ-423F,CR-V,Puce,2001,35950,Jeramie Lemarie,432
JDP-6645,Grand Vitara,Crimson,2005,170815,Brandais Briers,433
YNB-654A,Corvette,Indigo,2001,203898,Lenard Gobell,434
CEW-925H,Bonneville,Goldenrod,2013,227821,Normie Dudding,435
MPL-6045,Charger,Aquamarine,2024,229689,Spike Brehat,436
DXL-3829,Accord,Fuscia,2025,7641,Dominic Emmett,437
HPY-2705,Rio,Maroon,2025,207871,Francesca Haysey,438
GTW-6527,600SEL,Khaki,1999,46301,Evangeline Tabourel,439
WNY-3889,MR2,Turquoise,2005,24187,Tedmund Pietraszek,440
ZWY-416W,H1,Maroon,1990,58707,Bunnie Tomasino,441
TAL-2542,S-Class,Teal,2022,260179,Donaugh Saffill,442
WUT-3650,Esprit,Crimson,2012,41275,Alexina Pechell,443
KKB-3574,Windstar,Green,2022,25197,Ulrick Lenox,444
GHI-6333,GS,Fuscia,1997,28027,Shalom Wratten,445
AAK-788J,Elantra,Red,1995,110491,Cynthie Maidstone,446
SQS-309O,Corolla,Red,2013,34172,Roosevelt Jelks,447
OTL-510T,Jetta,Purple,2023,119017,Shep Hair,448
ZQQ-160H,S-Type,Red,2018,299347,Jocko O'Doireidh,449
RXE-677K,9-3,Purple,1999,53890,Stearn Gonin,450
HVO-300D,Monterey,Goldenrod,1994,288535,Ruby Hosby,451
DYP-8554,Suburban 1500,Green,1990,247209,Timmie Gorringe,452
EWJ-1785,LSS,Yellow,2003,40650,Alfie Apfler,453
TUB-5214,TundraMax,Red,2012,59476,Starla Campany,454
QJH-013G,Taurus,Fuscia,2024,35799,Isaac Gaytor,455
NZK-0327,Land Cruiser,Mauv,2014,45287,Joscelin Roffey,456
LJI-600Q,XK Series,Maroon,2013,174418,Wye Edington,457
XOJ-877I,Stratus,Violet,2000,52957,Teddie Brazenor,458
OEN-7601,riolet,Fuscia,2000,54249,Eydie Jeandin,459
ROC-801Q,Ridgeline,Crimson,2003,220071,Debera Bendan,460
VMA-576C,G5,Fuscia,2013,32337,Livvy Wedgwood,461
ITY-9853,Gallardo,Goldenrod,2001,242205,Kylila Puleque,462
DWM-2701,Rogue,Violet,2006,21296,Christan Cassels,463
TOT-656V,Cooper Clubman,Fuscia,2005,292538,Christie Batcock,464
QTW-0091,Prowler,Red,2020,250325,Odessa Syphas,465
WDE-6019,Ram Van 2500,Crimson,1993,198210,Rodie Mordey,466
DAC-1908,M-Class,Red,1992,195551,Leonie Gerge,467
LLT-2119,Sequoia,Crimson,1993,111911,Jillene Pimlock,468
HFY-4203,CTS,Mauv,1991,121130,Silvester Tolomei,469
DGU-8784,Envoy XL,Purple,1993,165242,Bekki Glidden,470
ZVH-436N,Equus,Crimson,2007,58847,Shaw Harron,471
WGZ-845L,Panamera,Turquoise,2022,250029,Celie Willoughley,472
RCT-253Q,Mountaineer,Purple,2004,67834,Tilda Shimwall,473
MFF-7776,Diablo,Teal,2017,17226,Wynny Drohun,474
NOA-5254,Liberty,Crimson,2005,130498,Selma Eustis,475
QYV-120S,Achieva,Aquamarine,2005,250289,Lydia Phlipon,476
HJY-117D,Town Car,Khaki,2023,96133,Arvy Ruffles,477
IYJ-412Y,Celica,Goldenrod,2001,265480,Isahella McGaughey,478
QXW-170X,Suburban 2500,Turquoise,2025,266280,Margareta Ipgrave,479
QUU-487D,Cougar,Puce,2015,75655,Odelinda Lalonde,480
OPG-6445,XK,Yellow,1990,269289,Nappy Dawton,481
FQN-580G,IS,Violet,2020,110913,Aldon Gallally,482
DRY-1398,RX-8,Crimson,1996,124490,Sofie Gary,483
HKA-032I,Amanti,Pink,1990,179011,Cammy Chasteney,484
ZHV-3507,Aurora,Khaki,2013,56871,Joye de Wilde,485
DQQ-439O,240,Green,1998,271988,Row Busfield,486
FSL-714O,M5,Green,2008,133188,Trent Marking,487
NBI-156E,Express 3500,Indigo,1994,296108,Norris Jeaycock,488
BHI-3960,Borrego,Khaki,2020,224907,Pru Mableson,489
GNM-3659,TundraMax,Orange,1991,295038,Maren Medgwick,490
RYM-5971,Metro,Blue,1992,84599,Estell Battams,491
KHX-4983,Escape,Blue,1995,234377,Alasteir Fortey,492
PMR-951G,Tacoma,Red,2008,65395,Ben Bortolozzi,493
KIL-885M,Sierra 3500,Goldenrod,1990,120512,Jojo McCorry,494
ZNN-644B,Ram Van 2500,Khaki,2018,165790,Cinda Jakes,495
EWF-9099,3 Series,Purple,2014,73555,Jobyna MacIlraith,496
ODT-6163,90,Orange,1992,58312,Nelie Boik,497
KQM-2479,XL7,Orange,1990,102559,Hort Boame,498
WAB-217G,Viper,Maroon,2013,133280,Gaby Niland,499
RPX-865O,MP4-12C,Maroon,2008,193734,Freida Spir,500
VMD-1687,Monte Carlo,Teal,2023,113987,Sashenka O'Dee,1
HVJ-0957,Ion,Yellow,1995,158223,Gwenny MacDirmid,2
ETO-478C,X6,Green,2014,69483,Bruis Dosdale,3
NLL-341W,Grand Vitara,Mauv,2011,106832,Patsy Gitsham,4
TXW-770K,New Yorker,Indigo,2016,155669,Bernie Dulton,5
YLN-573M,Solara,Teal,2007,191107,Hans Le Fleming,6
LDB-9021,Landaulet,Puce,2001,269780,Ardenia Devany,7
EBZ-329O,Terrain,Pink,2015,215562,Symon Benedettini,8
JHT-9926,Spectra,Aquamarine,2000,137746,Bennie Scudders,9
ESP-834F,QX56,Goldenrod,2000,116309,Duncan Bailles,10
TOP-4399,DeVille,Turquoise,1992,215145,Jermaine Gynn,11
IHL-5185,3500,Khaki,2011,239011,Charlean Hamberston,12
OZX-647X,Land Cruiser,Aquamarine,1994,100314,Gracie Fleis,13
FMQ-9627,Equinox,Purple,1999,88800,Blondelle Izakoff,14
KGB-9152,Odyssey,Blue,2022,80803,Kiel Sirr,15
HAL-703N,GTI,Blue,1996,250509,Norean Brummell,16
WVE-0364,Prius c,Orange,2000,171598,Darin McMurty,17
DVP-130Y,Grand Marquis,Aquamarine,2003,46338,Gan Hutchins,18
HML-160L,MX-5,Aquamarine,2025,84796,Bryant Magwood,19
HIU-4227,Optima,Fuscia,2014,172887,Miller Dottrell,20
BGE-6764,Equinox,Violet,2003,299646,Britni Andell,21
LMJ-1382,325,Violet,2003,123727,Nance Dewsnap,22
CHA-423H,Outlook,Yellow,2011,160854,Lexy Copner,23
ZJD-673O,CR-X,Fuscia,2012,48160,Fayette Whorton,24
EGN-7484,Ram 3500,Teal,2009,297506,Kelcie Blenkin,25
WNM-900T,Z8,Teal,2013,162476,Benedick Arrol,26
AZB-4805,Grand Caravan,Green,2025,114442,Pavla Argue,27
YFZ-7043,Vision,Violet,2019,60194,Anabelle Le Marquis,28
SOK-4609,Venture,Aquamarine,2013,200429,Sylvia Higgonet,29
QQD-4549,Bonneville,Turquoise,2013,38882,Enrichetta Mc Caughen,30
YDI-1802,2500 Club Coupe,Teal,2008,8174,Harriette Martignon,31
STV-404D,Voyager,Green,1997,40928,Rutter Marcu,32
KRN-472W,DTS,Maroon,2001,205280,Estevan Cridlin,33
BWQ-007K,Altima,Orange,2015,237311,Elwyn Bett,34
GSQ-318Z,Ridgeline,Goldenrod,2012,196119,Shawnee Benes,35
AXB-5994,Yukon XL 2500,Turquoise,1994,170207,Braden Casaletto,36
POV-227C,SC,Purple,2025,28528,Garrot Rand,37
ZGW-591B,DB9,Purple,2000,218690,Tommi Caplin,38
VNA-705T,Dakota Club,Violet,2005,231468,Barbara-anne Maxweell,39
QII-4298,Camry,Indigo,1991,217443,Theodosia Edwardson,40
TWT-6394,Envoy,Aquamarine,2020,95714,Peggi Trillow,41
MZM-412E,B-Series,Indigo,1990,9265,Ferdie Denkel,42
ZLM-6160,M,Goldenrod,1992,135809,Virgie Bon,43
COS-715B,Grand Vitara,Violet,1995,117817,Cloe Daoust,44
ZML-5932,Sportvan G20,Blue,2021,251294,Gabrielle Southard,45
NAR-525W,M,Turquoise,2022,286730,Annabel Gajownik,46
MDO-5426,F-Series,Teal,2019,225756,Franciskus Schmidt,47
OEX-393W,E350,Yellow,1991,163233,Constantina Duxbury,48
QSS-0823,Cabriolet,Fuscia,1998,164873,Lucie Aronov,49
VBZ-783P,X6 M,Green,2005,11994,Law Lukins,50
IQO-626U,5 Series,Blue,2019,204739,Venus Ralfe,51
ZJM-912H,Camry,Crimson,2009,232752,Caspar Inett,52
MRD-383B,Previa,Goldenrod,1999,75814,Jerri Olliffe,53
QQB-6178,Savana 2500,Aquamarine,2007,7242,Harvey Gaylor,54
HCN-3323,IPL G,Khaki,1991,131590,Corliss Cumine,55
LZR-564E,M Roadster,Teal,2023,146051,Tammara Egleton,56
CXE-7586,F-Series,Khaki,2025,281041,Joe Furbank,57
VJW-592T,626,Goldenrod,2008,95529,Ruperta Radborn,58
JFH-5557,Cavalier,Khaki,1993,107505,Lizbeth Espley,59
BBW-994L,Scoupe,Maroon,2020,12064,Broderic Girtin,60
OSC-7081,Routan,Fuscia,2013,233001,Linnie Trimby,61
LTC-6502,Pajero,Green,2004,123596,Korie Golby,62
MPX-428X,Grand Caravan,Violet,1996,29595,Valentine Bambrick,63
QSK-427O,Bonneville,Mauv,2024,161371,Warner Truter,64
UIB-5828,Savana 2500,Aquamarine,2017,290221,Cherey Tiner,65
JON-4175,Q,Crimson,2022,278884,Jorge Hinsch,66
JHZ-2149,Aspire,Orange,2009,47129,Brant Clericoates,67
LNC-2115,MDX,Purple,1990,79770,Jeri Plose,68
OCC-0652,Montero,Green,1990,138680,Terrance Sword,69
APK-842O,Continental Mark VII,Goldenrod,2006,18384,Viola Vannah,70
QLA-264O,Entourage,Puce,1993,89222,Camel Whittock,71
VDG-668K,Bronco II,Purple,1995,133864,Almeda Lyptrade,72
CGQ-0621,Sephia,Orange,1999,229412,Bailie Gateshill,73
VUY-0277,SL-Class,Fuscia,2011,91222,Marlon Aries,74
GBT-5743,Santa Fe,Turquoise,2012,232832,Dal Portal,75
XPL-0716,Grand Marquis,Blue,1991,175620,Levy Rivalant,76
CYQ-9979,Silhouette,Puce,1990,69985,Harriot Foxhall,77
GRU-335U,SLK-Class,Turquoise,2000,106771,Dita Cham,78
FFA-878L,Celica,Pink,2002,188414,Cristal Cormode,79
YSB-511A,Fortwo,Crimson,2004,294916,Shelton Beck,80
VYT-2284,Aspen,Orange,2015,286068,Marcel Feldbaum,81
YQC-097D,Civic,Aquamarine,1999,97625,Agata Sawood,82
XQL-8450,Sportvan G30,Yellow,2018,280824,Frederik Dreghorn,83
WQG-154O,Avalanche 2500,Red,2004,192293,Isidora Kirlin,84
PXF-4616,STS-V,Crimson,2010,58568,Kaja Larby,85
YVV-790T,Freestar,Red,2020,157569,Elianora A'Barrow,86
DBG-771B,Express,Puce,2016,242690,Anabel Rundall,87
LXB-9872,Vision,Indigo,2000,11218,Kameko Markie,88
FDS-010J,Silverado 2500,Yellow,2002,159737,Jaquith Fowden,89
ZUK-2654,MKX,Violet,2014,216683,Frances Didball,90
PAV-4558,Sunfire,Aquamarine,2014,237628,Wilt Carmen,91
SLE-036C,E150,Turquoise,1993,198732,Sibley Shale,92
HGH-095E,Rogue,Blue,2013,14797,Winnah Horley,93
ZRH-775D,TL,Khaki,2014,261349,Kaspar Freshwater,94
AWZ-9443,Topaz,Indigo,2016,103118,Nell Sonley,95
XYI-072E,XLR,Pink,2013,151631,Kim McAvinchey,96
SVS-3548,Continental,Turquoise,1998,133554,Dimitri Bucklan,97
JOJ-121I,2500 Club Coupe,Pink,2016,233928,Ollie Housego,98
ADE-6687,900,Orange,2005,86842,Gareth Maben,99
RTN-438S,626,Mauv,2002,2930,Abigail Guice,100
LJK-940H,500E,Goldenrod,1992,12896,Des Gallacher,101
EUR-2427,Liberty,Puce,2001,41603,Jaime Beynke,102
OQH-8438,Maxima,Goldenrod,1996,135747,Reuben Shrieve,103
GKM-887W,MR2,Puce,2016,105137,Leontine Borit,104
ARS-663R,Ram 2500,Maroon,1991,129638,Nolan Ferretti,105
BNC-0032,Thunderbird,Pink,2014,198472,Nedi Binch,106
DOO-9075,Tahoe,Turquoise,2024,253949,Madge Hawyes,107
LEH-7494,RAV4,Khaki,2006,56759,Napoleon Narbett,108
KSW-937K,Sonata,Orange,2016,171593,Tate Warnes,109
YGK-046R,Town Car,Turquoise,1996,137279,Buck Dooher,110
SBT-6161,TL,Green,1991,203660,Elly Ducker,111
EJH-229Z,300,Purple,2012,100943,Meyer Adrienne,112
MQN-8635,Continental GT,Crimson,1996,186522,Parker Foyle,113
XPF-455G,1500,Goldenrod,2010,210615,Ingaborg Litster,114
DVV-305T,Daewoo Magnus,Indigo,2020,124915,Raul Fairclough,115
TXC-467X,LTD Crown Victoria,Orange,2000,189148,Anabal Higbin,116
AGQ-762M,7 Series,Aquamarine,2006,272392,Marga McDonnell,117
LCY-8403,928,Mauv,2006,1952,Radcliffe Paxeford,118
XHX-109O,Range Rover,Maroon,2002,265020,Ottilie Weddup,119
MNN-921Q,Camaro,Goldenrod,2008,162266,Bernie Deniseau,120
CUD-759R,LS,Crimson,2009,15886,Roley Schneider,121
LWN-128I,CX-7,Aquamarine,2004,204699,Gerhardine Wilman,122
PNS-600S,Versa,Violet,2015,288277,Lorie Seeds,123
XLK-195B,Passat,Yellow,1998,91800,Deni Arendsen,124
HXA-163T,Grand Cherokee,Purple,2024,266458,Kayne Bradnick,125
KUG-9836,Dakota,Teal,2019,89718,Parry Elham,126
ZAW-4469,530,Orange,1999,73408,Marylinda MacGaughie,127
JYB-0957,xD,Purple,1996,98178,Fredra Cawcutt,128
YGI-969F,Pathfinder,Indigo,2006,185148,Terrence McGeachy,129
LTU-200V,Silverado 3500,Khaki,2009,156409,Bessy Bax,130
MKS-896V,Grand Vitara,Indigo,2021,99089,Bendix Wynrehame,131
YQF-843I,Elantra,Green,2004,247400,Claudia Poundsford,132
BIM-4021,Sentra,Orange,2020,37882,Marlee Brimfield,133
NIZ-501R,A3,Orange,1991,78331,Trisha Hedworth,134
VGX-796Y,Legend,Goldenrod,1998,247545,Brenda Riding,135
MTC-9668,Silverado 2500,Teal,2011,179621,Dex Peer,136
TSW-747Z,New Beetle,Purple,2017,264116,Essie Seaborne,137
QBX-3324,Leone,Goldenrod,1990,26994,Christoph Agronski,138
WDB-7895,Phantom,Goldenrod,2001,249418,Enriqueta Pee,139
CRL-645L,CTS,Puce,1998,177004,Kessia Hedges,140
WUV-0565,Journey,Mauv,1995,141482,Fulton Milam,141
YEA-2428,Continental Mark VII,Puce,1991,247336,Alix Krolak,142
JLE-1901,300ZX,Mauv,1992,28655,Ravid Danniell,143
QCX-9321,Grand Prix,Khaki,2019,252462,Davie Christofides,144
TOD-4414,Xtra,Blue,2018,160209,Kristyn Tacey,145
YRB-808W,X-90,Maroon,1992,191333,Emalee Butterworth,146
AZP-546T,Sephia,Red,2025,26216,Ingmar Swenson,147
RWH-4405,Tahoe,Turquoise,2017,245251,Rosmunda Bellamy,148
ISE-803D,4Runner,Puce,2013,68482,Agatha Walcar,149
QPD-503M,Summit,Indigo,1992,48131,Lucho Avrahamy,150
VXE-4732,Caliber,Yellow,1992,240140,Crissie Roberto,151
YWM-7816,Astro,Red,2022,16588,Galina Cocksedge,152
MWO-717C,M-Class,Blue,2017,128702,Ailee Cardall,153
EGA-2273,E-Class,Fuscia,2025,158616,Maible Calderwood,154
TUI-340S,Impala SS,Fuscia,2007,159191,Elka Filchakov,155
LXI-4508,Corvette,Green,2025,200348,Kevina Hatwell,156
NYI-4189,APV,Indigo,2006,143626,Jedd Salisbury,157
EMX-4944,Trooper,Turquoise,2025,147929,Gerik Sanz,158
GQX-9399,Mirage,Aquamarine,1995,238833,Adore Merdew,159
YET-917F,Silhouette,Purple,2005,275318,Gratia Chown,160
XMF-958N,IS-F,Violet,1994,235643,Kora Clemon,161
EOK-248H,Achieva,Violet,2022,83109,Hyatt Mussetti,162
UUQ-0480,Quest,Red,1994,23062,Franciskus Redmain,163
ULM-954J,Grand Am,Violet,2017,60653,Jean Oddy,164
AJK-6532,200,Fuscia,2025,210934,Ariana Mannock,165
DPX-7564,S4,Puce,2006,261218,Onfroi Menicomb,166
BUY-9159,62,Yellow,2018,237285,Adela Bavidge,167
CRE-6788,XK Series,Puce,2013,287238,Brandice Povele,168
HFV-529Z,4Runner,Mauv,2025,253126,Tiffany How,169
OVI-7734,GS,Khaki,1998,236458,Matthias Cawthron,170
MKV-182S,Galant,Mauv,2007,246686,Audre Loughman,171
VRJ-7526,Sierra 1500,Turquoise,2002,119682,Eward Hatz,172
JYO-9508,Ram Van 2500,Green,2023,161687,Ann MacAne,173
FBX-0232,3500,Blue,2007,231319,Hester McCarron,174
ITA-5112,M Roadster,Blue,2018,83194,Nathaniel Urwin,175
HEE-563D,Expedition EL,Maroon,2006,129567,Crissie Foresight,176
ILD-344K,Grand Caravan,Fuscia,1994,91574,Zia Sahnow,177
CZL-483T,E-Series,Fuscia,2011,64890,Kellina Horrell,178
SFY-932Q,Sierra 1500,Indigo,2014,99832,Pebrook Lemmertz,179
KTL-3328,Sable,Purple,2023,205970,Janelle Mathen,180
UVZ-018G,Charger,Violet,1993,244152,Coretta Riches,181
WMN-9868,Challenger,Yellow,2014,171668,Waring Riccardo,182
VBL-407U,M,Purple,2000,294810,Catarina Bartley,183
KKL-503M,Milan,Purple,1997,176611,Batsheva Alldre,184
ZFF-4450,Ram Van 1500,Orange,2023,102789,Rosalynd Esselin,185
QSV-1956,M-Class,Turquoise,2011,225460,Barty Bailess,186
ECZ-2014,Sprinter,Maroon,1998,72604,Neilla Weathey,187
NYS-6358,Suburban 2500,Puce,1998,64955,Sayre Mingauld,188
GFO-665L,911,Puce,2025,281961,Katy Labuschagne,189
GSI-696Z,S-Class,Blue,2024,61188,Maribel Barlie,190
UVN-9169,500E,Yellow,2021,68203,Kelbee Monteith,191
QLL-3800,Hombre,Green,2013,218786,Emmaline Kale,192
NHI-897K,Storm,Violet,2016,214885,Katina Code,193
TIA-9993,Silhouette,Orange,2023,164258,Liva Mollison,194
DZJ-373A,Bronco,Mauv,1998,92979,Marcia Drynan,195
WSU-0930,Century,Mauv,2022,15971,Meggy Rizzardo,196
OYI-4789,Probe,Teal,2009,150742,Mathilda Dallman,197
LET-1917,Silverado,Crimson,1997,57149,Alano Kidson,198
LVC-727W,Golf,Aquamarine,2021,77276,Antonia Maxwaile,199
TPL-4017,2500,Goldenrod,2014,276592,Antonia Kleinzweig,200
LSQ-587S,SL-Class,Khaki,2008,3837,Marijn Beardwood,201
EZY-238G,911,Teal,2020,237542,Cherlyn Bacop,202
DFL-094P,Corvette,Violet,2000,241172,Josepha Stileman,203
SJE-4388,Esprit,Violet,2025,11010,Heriberto Cherryman,204
UAY-163K,Aztek,Khaki,2010,248265,Town Garland,205
PNS-597E,Crown Victoria,Violet,2006,249422,Ulric Pedroli,206
WPD-010P,Verano,Red,1995,127137,Davon Musgrave,207
VGT-275Q,MX-5,Blue,2004,34874,Raimondo Dekeyser,208
CQN-917D,Swift,Purple,2024,197976,Lesley Bowller,209
FZE-5518,MKT,Orange,2014,179632,Caro Simond,210
BHT-1773,Leganza,Teal,1999,61005,Saunderson Schach,211
RRS-527S,Elan,Teal,2015,67493,Meghan Schlag,212
ZRP-043R,Grand Marquis,Crimson,2023,105407,Saul Wrightim,213
WKL-104N,Topaz,Aquamarine,2022,137797,Nerita Whicher,214
JXQ-671F,Galant,Aquamarine,2016,12585,Symon Aspling,215
BCX-383V,DBS,Mauv,2014,272677,Herrick Lomasna,216
SOE-3586,Town Car,Pink,2023,16982,Felicdad Wall,217
OKO-470G,Type 2,Teal,2013,122380,Cliff Rickford,218
KCA-9137,Mustang,Aquamarine,2015,113443,Gareth Radke,219
PKS-567Q,7 Series,Fuscia,2009,257729,Lanna Baines,220
EFY-9948,Jetta III,Yellow,2018,69713,Wald Dussy,221
IEO-1163,Celica,Puce,2014,253301,Janela Maty,222
VCK-437L,Yaris,Crimson,2004,106233,Emmi Bezant,223
AIB-5645,Legacy,Green,2008,255080,Bax Comazzo,224
ZYP-3141,MDX,Goldenrod,2003,8581,Willey Chartres,225
POM-963G,Mazda5,Teal,2010,110080,Mignon Kybbye,226
RLK-7310,Ram Wagon B250,Indigo,1996,88341,Stuart Ziemecki,227
XDE-7470,9-4X,Violet,2022,21770,Randene Vest,228
DJY-314H,Grand Prix,Yellow,2022,219981,Isidora Phinn,229
ZAO-077F,Quest,Puce,2011,18700,Drusie Laver,230
XZE-2445,Lucerne,Red,2004,40202,Helga Dziwisz,231
UJE-552N,Express 2500,Violet,2024,299888,Eugene Lamey,232
LGS-9481,Avalon,Khaki,2020,4053,Ros Lezemore,233
GXP-5076,SC,Red,1995,103277,Alisun Oxbrough,234
RPD-6876,Capri,Fuscia,1997,223611,Alayne Kemmer,235
REL-3060,626,Blue,2006,211338,Bren Gercke,236
GLM-8847,Yukon,Khaki,2007,13875,Joane Girdwood,237
CKH-152U,Firebird,Crimson,2012,19790,Ange Plester,238
TYQ-8147,EXP,Puce,2002,93025,Kiley Lamy,239
PBF-046K,RL,Aquamarine,1990,78801,Haley MacKellen,240
WUJ-004J,Range Rover,Violet,2003,232533,Adolphe Blooman,241
JRQ-8946,Fox,Purple,2006,207949,Nikaniki Craven,242
GRL-7181,Sable,Goldenrod,2007,220514,Andra Tieman,243
GYM-926F,X5,Mauv,1995,117608,Helaina Touson,244
CGN-8473,Jimmy,Turquoise,2005,188148,Jesus Kleehuhler,245
WSA-809K,Ram 2500 Club,Indigo,2020,84380,Wittie Desmond,246
RTM-1665,Z3,Blue,2021,69190,Marlin Doveston,247
EQA-599U,Express 2500,Mauv,1998,223614,Fabien Bailie,248
DOJ-8955,FX,Yellow,1996,68681,Frasquito Camilleri,249
FTU-4250,Escalade,Mauv,2004,282746,Carolan People,250
LHW-110C,Mighty Max,Pink,2016,155952,Johann McVeigh,251
PWB-607T,300D,Goldenrod,2002,245473,Herschel Leafe,252
OOY-3744,Tribute,Blue,2015,197652,Lannie Bartolacci,253
XGA-6868,DB9,Blue,2002,18930,Hubie Majury,254
LPO-736B,Eldorado,Teal,2007,100024,Goldarina McCree,255
SUU-606T,B-Series Plus,Green,2014,199577,Carling Colpus,256
CSY-9089,Explorer Sport,Violet,2015,103297,Tootsie Towsey,257
GLQ-6071,Ram Van 1500,Khaki,2000,259631,Frasco Bestwerthick,258
NLZ-1992,W201,Fuscia,2005,239387,Jacobo Sibille,259
IZQ-055H,Accord,Fuscia,1992,162027,Orella Fawdrie,260
DTK-3890,Precis,Maroon,2002,105407,Jacquenette Britch,261
IZG-4647,Sienna,Mauv,2013,222026,Meryl Addis,262
VUY-649P,Rally Wagon G2500,Crimson,1990,178957,Ellswerth Gready,263
HIR-7029,626,Violet,2002,222842,Pavel Robelin,264
MNE-173F,F150,Crimson,2010,44320,Willem Tingly,265
PUG-7128,Taurus,Puce,2012,211928,Griffy Klimpke,266
XVJ-148V,XK Series,Teal,2022,68682,Ryon Hunnicutt,267
DYC-3465,3500 Club Coupe,Red,2007,1650,Murry Seabrook,268
NFJ-5434,Bronco,Yellow,1998,39855,Andi Piotrowski,269
WUI-625Q,Roadrunner,Puce,2011,180032,Padgett Edmonds,270
IJP-7477,Mustang,Red,2020,210333,Bale Duberry,271
HDZ-864T,Grand Prix,Indigo,2021,177472,Kimberlee Tobin,272
LAY-613G,5 Series,Aquamarine,2025,45702,Mark McMorran,273
TMZ-013M,Patriot,Teal,2011,159415,Vidovic Ferran,274
LJP-315L,400E,Violet,2000,259463,Dave Kesley,275
KMX-4838,G-Series 3500,Turquoise,2003,27679,Lucais Fattore,276
JEH-7078,Mighty Max Macro,Yellow,2016,191437,Fernande Tuft,277
XXF-611K,Avalon,Maroon,2006,9397,Mara Lieb,278
FBD-583E,Tempo,Blue,2020,62625,Bette-ann Ducham,279
DAW-0122,Clubman,Fuscia,2000,178262,Allan Alanbrooke,280
CYG-7512,300CE,Fuscia,1995,67130,Margaretha Blount,281
TSD-5029,Explorer,Puce,1995,59216,Celinka Paulmann,282
LGT-509T,Monte Carlo,Crimson,2000,136936,Ina Auten,283
EIG-597V,Bonneville,Violet,2006,222668,Eran Bonass,284
TNB-433D,Galant,Turquoise,1991,280451,Vanni Hasell,285
HOF-942S,Express 2500,Pink,1997,64255,Kingsly Vorley,286
SCI-5202,Grand Am,Orange,2024,84011,Kelley Challener,287
PMK-5253,Yukon XL 2500,Mauv,2005,232002,Meyer Fallows,288
ODP-593B,F350,Turquoise,2003,296899,Garrott Sheards,289
OJE-5069,Q,Puce,2004,92399,Cris Dykes,290
EEQ-336U,Escort,Khaki,2019,88695,Donavon Colwell,291
EKD-1448,6 Series,Red,2011,261055,Jesselyn Breslane,292
BYY-916N,Grand Caravan,Blue,2011,277154,Sebastiano Jan,293
MRN-9845,Impreza,Green,2020,235703,Brooke Hanselmann,294
OCK-3588,C70,Teal,1996,131572,Heidi Ivanov,295
SDL-4437,Legend,Indigo,2016,211859,Seana Dawidowitz,296
NFA-246Z,Express 3500,Violet,1993,219524,Alina Brownsmith,297
MWH-445X,Cougar,Blue,2015,141657,Faulkner Minshull,298
BBS-536E,Bronco II,Yellow,2005,160959,Andria Innot,299
QTH-0327,GLK-Class,Violet,2005,192885,Joni Dunn,300
SDZ-4033,Rio,Aquamarine,2005,194418,Si Wagstaffe,301
BXL-034P,Corrado,Maroon,2013,242079,Crista Dunguy,302
RUH-846K,1500,Goldenrod,1991,148126,Devon Itzkovwitch,303
YGS-858O,Sebring,Teal,2000,98778,Reynold Crossthwaite,304
PUM-7619,Odyssey,Mauv,2008,34490,Claudell Polon,305
BJP-408J,Navigator,Maroon,1994,117908,Gabrielle Talby,306
BWX-288S,Monte Carlo,Crimson,2008,116157,Trescha Hughes,307
VTN-770S,Azure,Goldenrod,2003,258683,Dom Bottrill,308
EGB-154K,Ram,Khaki,2015,131464,Hoyt Udy,309
OHA-3274,LX,Khaki,2018,290860,Frieda Gascoine,310
DMF-493A,Forenza,Red,2004,19655,Abramo Jarritt,311
WAS-6621,Lancer,Teal,2009,286772,Kendre Rallin,312
QGV-706V,E150,Turquoise,2014,97289,Fidel Dilnot,313
LYY-8274,Challenger,Crimson,1998,70779,Christen Macguire,314
FOA-119Y,G,Violet,2021,15616,Corbett Drinkwater,315
QON-357K,LeMans,Teal,2007,194403,Imojean De Lorenzo,316
HUI-6439,Golf,Violet,2016,258296,Vivien Lovekin,317
IEZ-4609,Mazda6,Pink,2014,247443,Lauren Klauber,318
QIC-0391,Avalanche,Teal,2001,156785,Rozanne Ertelt,319
GAB-3646,Bonneville,Maroon,2018,291405,Donnajean McPhaden,320
GDX-8119,Sedona,Teal,2005,277091,Holly Muggleston,321
EAL-8816,Cherokee,Maroon,2025,81614,Anton Lauritsen,322
FFD-1615,Savana 1500,Maroon,2003,211537,Griswold Pantone,323
HOR-9863,IS F,Green,1996,180431,Averil McCullough,324
TLJ-3983,F250,Aquamarine,2020,163018,Doretta Peattie,325
AYP-9564,LR4,Red,2018,16899,Gaelan Skegg,326
HIK-9053,QX,Red,2008,88911,Knox Pellitt,327
GZR-201E,Rabbit,Aquamarine,2006,229909,Mead Chapellow,328
BYW-7245,Integra,Fuscia,2015,143938,Iago Spivie,329
ZEV-7312,CX-9,Khaki,2016,15967,Daryl Please,330
OKL-752O,Explorer Sport Trac,Khaki,1992,56594,Dominique Craigheid,331
BTB-889U,5000S,Fuscia,2009,289228,Barth Goddert.sf,332
BMR-503S,S80,Aquamarine,2014,194880,Elfie Grocott,333
MCJ-4473,Forester,Violet,2000,276214,Jacquenetta Blowers,334
IZT-579F,9000,Maroon,2010,241123,Katerine MacKellar,335
NJB-965J,Quest,Green,1996,132126,Darda Daal,336
ZJU-0831,SC,Yellow,1991,26123,Obediah Bohje,337
JIL-5379,Galant,Khaki,1990,192313,Winona Bread,338
HVT-741L,Grand Voyager,Yellow,2009,189461,Brittaney Rennie,339
DSD-0290,Thunderbird,Orange,2019,11317,Edy Thunders,340
ZBI-6898,E-Class,Goldenrod,1998,121144,Mose Clackson,341
IVJ-7292,Cooper Countryman,Red,2021,225275,Sawyer Gundrey,342
SOP-8904,5 Series,Violet,2003,60260,Adelice Rykert,343
WUD-911X,Sidekick,Mauv,2021,32533,Allan Camsey,344
DXL-5620,Bonneville,Aquamarine,2018,26975,Ingrid Spira,345
OKR-120B,MPV,Aquamarine,2011,195333,Zarah Nestle,346
GHY-1442,Tucson,Indigo,2018,38914,Libbi Camerana,347
ZEY-412A,DeVille,Blue,2017,550,Marwin Gammel,348
SJD-3358,V50,Indigo,1994,26931,Penny Gerram,349
WQS-025N,GLC,Blue,1999,258643,Sanson Manueli,350
MKI-0707,SRX,Green,2025,96687,Morgun Stoner,351
TAT-341G,Grand Cherokee,Pink,2018,76803,Gale Burtwell,352
APR-6037,Vandura 3500,Aquamarine,2001,108883,Rollins Caddock,353
MSX-066E,Dakota,Khaki,2009,54133,Adrianna Dreinan,354
NBC-6000,F-Series,Red,2025,222281,Ellette Jochanany,355
DPQ-719A,300M,Crimson,2012,18936,Fawn Drewitt,356
JPY-599F,Avenger,Crimson,2005,129640,Gilly Flynn,357
SKF-752C,944,Yellow,1998,156531,Elonore Fleay,358
HRO-055I,CLK-Class,Khaki,2006,160986,Thorvald Dillimore,359
IUU-417H,Range Rover,Teal,2019,164048,Meggi Barock,360
XOE-1982,Ram 2500,Pink,2007,67944,Mehetabel De Hailes,361
PRX-771P,Venture,Green,2023,33820,Svend Ettritch,362
FQT-5173,3 Series,Fuscia,2015,74734,Cosetta O'Fielly,363
FWL-151G,Grand Marquis,Crimson,2025,208060,Yard Birch,364
RQC-307Q,QX,Pink,2017,155564,Portie Tolomei,365
FCG-5441,Dakota,Mauv,2000,295190,Darell Tunny,366
LPB-6726,Vibe,Violet,2002,280876,Conant Hawgood,367
JGL-094K,X6,Crimson,1994,124268,Berna Dunsmore,368
GHQ-5767,Intrepid,Aquamarine,2025,221912,Galina Tufts,369
CHE-5869,Escalade EXT,Khaki,1993,293969,Doroteya McCarney,370
PHF-490J,New Beetle,Violet,2007,207093,Reine Petley,371
WUR-9942,Tahoe,Puce,2021,90667,Ursulina Vanichev,372
CRT-6439,GTO,Crimson,2016,41810,Mylo Ghidini,373
UDZ-5985,Wrangler,Purple,2000,245369,Desirae Holliar,374
DMF-981H,Arnage,Goldenrod,2000,185378,Rebe MacGorman,375
KXT-521H,Festiva,Yellow,1996,230785,Garrot Stummeyer,376
MJV-0387,Envoy,Violet,2013,297159,Jolynn Eldin,377
OBK-739R,Grand Vitara,Blue,2005,46040,Sherill O'Ruane,378
KNV-2046,JUKE,Crimson,2019,130966,Christophe Chape,379
BQF-419X,2500,Turquoise,2022,256400,Dorise Tudhope,380
MMA-534C,Envoy,Fuscia,2005,166555,Sheilah Laydon,381
DKI-3048,A6,Khaki,1999,174120,Kristy Deverill,382
WKB-896Y,VehiCROSS,Fuscia,2011,79960,Kayley Munroe,383
SFG-9296,9-3,Blue,2025,134422,Ralph O'Grady,384
NZS-7288,Corvette,Blue,2000,106967,Karoly Balaizot,385
NRB-528U,Aurora,Red,2024,90342,Audi Fiddiman,386
RGJ-4456,Firefly,Blue,2001,251290,Randy Fillery,387
FUO-3425,929,Maroon,2021,197324,Thurstan Van Saltsberg,388
HWZ-5772,New Yorker,Goldenrod,2015,295392,Augusta Lilliman,389
AVP-3097,Tiguan,Green,1995,21016,Hope MacGee,390
EIZ-4138,Montana,Orange,2008,6991,Merle Scintsbury,391
XHB-9179,F250,Yellow,2009,41925,Robbie Orrice,392
AAA-6587,Ram 3500,Goldenrod,2025,223703,Myrlene Wisdish,393
LXM-965I,Ram Van 2500,Violet,2018,37651,Clem Blumsom,394
ESA-0579,Avalon,Crimson,1994,255553,Gwenora Trazzi,395
TRP-3798,2500,Fuscia,2020,13833,Karylin Barlthrop,396
YNB-717G,Crossfire,Maroon,2004,238516,Celestyn Kirke,397
MOT-344J,NSX,Indigo,1999,238378,Jeff Arbor,398
RQG-6262,Corvette,Teal,2015,103895,Johnette Ridger,399
PDG-9774,Tucson,Indigo,2010,121819,Harmonie de Keyser,400
PIL-4849,Discovery,Crimson,2003,277058,Karlie Dyche,401
GST-352V,Golf,Indigo,2023,194703,Kelwin O'Corren,402
AQG-090M,Town & Country,Purple,1991,15129,Maris McCarlich,403
ZRV-669G,Aerostar,Puce,1995,294129,Blanca Hamblin,404
ISU-062I,LeMans,Violet,2016,161422,Celisse Gaskin,405
OTQ-933V,LS,Indigo,2000,237096,Marice Grief,406
FNM-633K,Mazda6,Pink,2012,27014,Aloysia Tottman,407
UUH-7582,TSX,Aquamarine,2010,60663,Keelby Kobierra,408
UJL-770E,Suburban 1500,Khaki,2013,225835,Wes Vynehall,409
UNX-287C,S4,Teal,1996,202612,Mario Delacroix,410
RBY-790D,Discovery,Puce,2000,238217,Michaelina Keysall,411
DHC-3507,TL,Indigo,2000,86048,Diego Pittam,412
NBQ-9475,Optima,Crimson,2020,92666,Eimile Lowcock,413
ZDO-150T,Grand Am,Fuscia,2003,207991,Sherie Juleff,414
WKH-5010,GTO,Fuscia,2013,131123,Penny De Stoop,415
CNK-538M,LTD Crown Victoria,Crimson,2011,141000,Ingrid Kleinzweig,416
CRM-2296,Corvette,Violet,2025,279451,Yance Phorsby,417
JXC-014V,Express 1500,Khaki,2007,146090,Adena Bernette,418
PMD-983M,Explorer Sport,Purple,2009,87950,Louisette Gayne,419
VGV-557Q,Type 2,Yellow,2011,142349,Sybilla Billborough,420
KGI-9195,Z3,Maroon,2005,205354,Queenie Jenno,421
UOG-1446,Rio,Yellow,2024,102050,Grantley Studdert,422
YQM-7555,M,Mauv,2000,246059,Ann Tranmer,423
UXO-145C,EX,Crimson,2015,247609,Mala Tregenna,424
JRM-7651,TrailBlazer,Aquamarine,1992,95871,Janetta Kendrick,425
KPP-725Q,Viper,Khaki,2008,179346,Marlo Crisford,426
VUZ-761I,Minx Magnificent,Orange,1999,14836,Lauralee McGlaud,427
SMA-937N,5 Series,Khaki,2014,156845,Yolanthe Daniely,428
FWY-870A,Savana 3500,Goldenrod,2007,274810,Tamera Caudle,429
FEK-6151,Galant,Indigo,2013,94107,Henry Billyard,430
GQP-7115,Rogue,Purple,2009,83200,Penn Tales,431
FTZ-7631,Yukon,Yellow,2002,231670,Gibbie Rockall,432
OGF-708T,M-Class,Aquamarine,2021,13058,Graeme Yurkevich,433
DOC-840H,Astro,Red,2019,264984,Brade Antonognoli,434
VGT-9412,Dakota Club,Teal,2013,200241,Christoph Riepel,435
PTF-810X,Boxster,Turquoise,2020,162545,Zabrina Bolam,436
LDA-0108,Esteem,Purple,2020,2078,Basilio Ludmann,437
NDL-420H,Suburban 2500,Crimson,1991,22320,Beret Gatfield,438
WGN-171H,Escalade ESV,Khaki,2008,47629,Charlean Tessier,439
MFS-219D,Civic,Mauv,2017,83682,Merell Sandall,440
XQO-082S,Silverado 1500,Crimson,2005,49377,Brenna Miners,441
OTR-606M,Suburban 2500,Puce,1992,202823,Orlando Pedrocchi,442
ZZX-009R,B-Series Plus,Red,1996,116616,Marty Suggitt,443
UKL-6340,Lanos,Teal,2018,173420,Delmer Demanche,444
HRA-019C,Ram Van 1500,Blue,2003,270238,Maximo Minster,445
VYC-4491,Grand Marquis,Khaki,2016,233908,Amity Crammy,446
ZLB-953I,M-Class,Yellow,2011,97932,Katuscha Chawkley,447
PFP-5334,Stratus,Aquamarine,1992,270193,Suzi Tuddall,448
BZH-9142,GTO,Aquamarine,2006,272564,Morie Bickerton,449
MFJ-0199,Galant,Teal,2005,49020,Maren Imason,450
PFH-143L,Pathfinder,Crimson,1994,260886,Lorilyn Kubis,451
KBK-456R,Passat,Puce,1996,145380,Merrilee Lorenzetti,452
XBR-6053,Pacifica,Puce,1993,16132,Roda Crimes,453
UKC-479K,Corolla,Violet,2010,174032,Cull Cammell,454
MCS-5747,968,Fuscia,2010,40957,Putnam Paxman,455
ZUC-5316,Grand Prix,Indigo,2022,76560,Falkner Buckle,456
JBS-3276,tC,Violet,2000,193187,Martelle Conaboy,457
HTB-564G,M5,Maroon,1998,117605,Claire Camelin,458
TLX-441E,Camaro,Khaki,2007,210354,Adi Mollitt,459
VNW-052F,Suburban 1500,Fuscia,2001,216049,Claresta Delucia,460
IFT-863R,New Beetle,Pink,1999,10828,Waylen Probey,461
ZEQ-1257,Equinox,Teal,1994,248810,Page Mohun,462
XVN-714J,LS Hybrid,Crimson,1993,115531,Weider Gianettini,463
YFC-7562,Diamante,Goldenrod,2004,81014,Brannon Denholm,464
OZV-5016,Yukon XL 1500,Yellow,2010,122302,Neysa Ryder,465
OMB-6885,Galant,Teal,1996,73630,Parsifal Cohalan,466
JWJ-3285,Sequoia,Teal,2019,148133,Muffin Szimon,467
QNN-732S,Rendezvous,Khaki,2018,76578,Nyssa Lobe,468
XOF-959X,Viper RT/10,Mauv,2001,46751,Elsworth Schule,469
TJH-112Q,Probe,Blue,2011,245218,Fionnula Drexel,470
AJG-8334,Eos,Crimson,2003,12877,Bradan Pettifor,471
EZJ-307J,Express 2500,Crimson,1997,139987,Sofia O'Heyne,472
NXA-924D,Windstar,Puce,2015,7569,Adiana Sotheron,473
NNH-1789,Type-1h,Maroon,2004,209632,Howey Deignan,474
BBL-336B,9-5,Indigo,2012,44478,Donavon Crother,475
BRB-5608,B-Series,Mauv,2002,259085,Ogdan Vuitton,476
EUK-711R,Flex,Goldenrod,2019,73820,Richardo Muzzi,477
PWB-4956,Grand Prix,Khaki,2015,226737,Ileana Binne,478
HWT-8434,Allroad,Green,2017,248703,Caresse Abernethy,479
SHA-4940,900,Green,1995,38814,Haleigh Patman,480
CUL-0258,3500,Violet,1992,8653,Boone Game,481
CSC-3384,Grand Prix,Blue,2018,94570,Jane Huey,482
OUC-819N,Grand Caravan,Purple,2024,77545,Allyn Botler,483
ONS-9066,Accord,Red,2016,132160,Chantalle Tourot,484
SEE-328O,Versa,Puce,2021,252325,Amye Males,485
VSL-9245,XL-7,Pink,1997,284505,Welsh Rive,486
ZKJ-813U,CL-Class,Maroon,2016,143071,Regina Escott,487
NMW-3425,Range Rover,Red,2016,2254,Nealon Higgen,488
JMP-523G,Xterra,Green,2020,188557,Perri Lundy,489
MKQ-5977,Sephia,Goldenrod,1994,287449,Rebekkah Ochterlonie,490
HAB-389G,Firebird,Crimson,2005,235726,Merrie Bofield,491
STB-021J,3000GT,Turquoise,2004,66359,Gaylor Houlaghan,492
MNF-119W,Bonneville,Indigo,2001,122611,Moyra Broadist,493
IHD-065C,i-Series,Mauv,2009,60542,Sandy Brockie,494
DJH-446R,GLK-Class,Red,1990,92064,Tobit Burvill,495
SBP-509I,Town & Country,Crimson,1995,288282,Lanie Klimontovich,496
ZEC-438U,Crown Victoria,Khaki,2023,267449,Octavius Knoton,497
CCK-686P,Savana 2500,Crimson,1995,150290,Ives Oscroft,498
KVG-725B,Sportvan G20,Maroon,2012,180287,Tony Izacenko,499
OPQ-8629,C30,Puce,2009,75411,Noll MacKomb,500
